Comment,Designator,Footprint,LCSC Part #,Cantidad
330uF 50V,"C1,C2",CP_Elec_10x10.5,,2
4.7uF 50V,C3,C_1206_3216Metric,,1
100nF,"C4,C8,C14,C16,C17,C18",C_0603_1608Metric,C14663,6
10uF 50V,"C5,C9",C_1206_3216Metric,,2
22uF,"C6,C7",C_0805_2012Metric,,2
22uF 25V,C10,C_1206_3216Metric,,1
1uF 25V,"C11,C12",C_0603_1608Metric,,2
10uF,C13,C_0805_2012Metric,C15850,1
1uF,C15,C_0603_1608Metric,,1
SMBJ33A,D1,D_SMB,,1
SS34,"D2,D3",D_SMA,C8678,2
1N4148W,D4,D_SOD-123,C81598,1
LED,D5,LED_0603_1608Metric,,1
SS210,D6,D_SMA,,1
MMSZ5242B 12V,DZ1,D_SOD-123,,1
ATO 20A,F1,Fuseholder_Blade_ATO_Littelfuse_Pudenz_2_Pin,,1
ENTRADA 12-24V,J1,TerminalBlock_Phoenix_MKDS-3-2-5.08_1x02_P5.08mm_Horizontal,,1
USB-C,J2,USB_C_Receptacle_HRO_TYPE-C-31-M-12,C165948,1
+V SALIDA,J3,TerminalBlock_Phoenix_MKDS-3-2-5.08_1x02_P5.08mm_Horizontal,,1
CANALES,J4,TerminalBlock_Phoenix_MKDS-3-4-5.08_1x04_P5.08mm_Horizontal,,1
FOCOS,J5,"TerminalBlock_Phoenix_MKDS-1,5-2-5.08_1x02_P5.08mm_Horizontal",,1
EXPANSION,J6,PinHeader_1x07_P2.54mm_Vertical,,1
SRD-12VDC-SL-C,K1,Relay_SPDT_SANYOU_SRD_Series_Form_C,,1
4.7uH,L1,L_Changjiang_FNR4030S,,1
47uH,L2,L_Changjiang_FNR4030S,,1
BSC028N06LS3,"Q1,Q2,Q3,Q4,QR1,QR2",TDSON-8-1,,6
AO3400A,Q5,SOT-23,C20917,1
100k,R5,R_0603_1608Metric,,1
10k,"R6,R7,R10,R11,R15,RF2,RG0,RP1,RP2,RP3,RP4,RPD1,RPD2,RPD3,RPD4",R_0603_1608Metric,C25804,15
4.7k,"R8,R9",R_0603_1608Metric,C23162,2
1k,R12,R_0603_1608Metric,,1
5.1k,"R13,R14",R_0603_1608Metric,C23186,2
150k,RF1,R_0603_1608Metric,,1
4.7,"RG1,RG2,RG3,RG4",R_0603_1608Metric,,4
1mR 2512 Kelvin,RS1,R_Shunt_Vishay_WSK2512_6332Metric_T1.19mm,,1
MODO / BOOT,SW1,SW_SPST_TL3342,,1
RESET,SW2,SW_SPST_TL3342,,1
AP63203WU,U1,TSOT-23-6,C780769,1
LMR16006XDDC,U2,SOT-23-6,,1
UCC27524D,"U3,U4",SOIC-8_3.9x4.9mm_P1.27mm,,2
ESP32-C3-WROOM-02,U5,ESP32-C3-WROOM-02,C2934560,1
USBLC6-2SC6,U6,SOT-23-6,C7519,1
INA238,U7,VSSOP-10_3x3mm_P0.5mm,,1
TMP1075D,U8,SOIC-8_3.9x4.9mm_P1.27mm,,1
