id,color,vf,n,v_total,cap_bajo,uf_bajo,ma_bajo,cap_medio,uf_medio,ma_medio,cap_alto,uf_alto,ma_alto,ma_alto_red_alta,ma_alto_v1v2,exacto_20mA,ma_exacto,zener_v3,watts_led
1,Rojo,2.0,1,2.0,224,0.22,9.1,394,0.39,16.1,474,0.47,19.4,21.5,19.9,154 + 334,19.9,1N5349B (12 V),0.04
2,Rojo,2.0,2,4.0,224,0.22,9.0,394,0.39,15.9,474,0.47,19.2,21.2,19.7,104 + 394,20.0,1N5349B (12 V),0.08
3,Rojo,2.0,3,6.0,224,0.22,8.9,394,0.39,15.8,474,0.47,19.0,21.0,19.4,104 + 394,19.8,1N5352B (15 V),0.11
4,Rojo,2.0,4,8.0,274,0.27,10.8,394,0.39,15.6,474,0.47,18.8,20.8,19.2,124 + 394,20.4,1N5355B (18 V),0.15
5,Rojo,2.0,5,10.0,274,0.27,10.7,394,0.39,15.4,474,0.47,18.5,20.6,19.0,124 + 394,20.1,1N5357B (20 V),0.18
6,Rojo,2.0,6,12.0,274,0.27,10.5,394,0.39,15.2,474,0.47,18.3,20.3,18.7,124 + 394,19.9,1N5358B (22 V),0.22
7,Rojo,2.0,7,14.0,274,0.27,10.4,394,0.39,15.0,564,0.56,21.6,24.0,22.1,124 + 394,19.6,1N5359B (24 V),0.3
8,Rojo,2.0,8,16.0,274,0.27,10.3,394,0.39,14.8,564,0.56,21.3,23.7,21.8,154 + 394,20.5,1N5361B (27 V),0.34
9,Rojo,2.0,9,18.0,274,0.27,10.1,394,0.39,14.6,564,0.56,21.0,23.4,21.5,154 + 394,20.3,1N5363B (30 V),0.38
10,Rojo,2.0,10,20.0,274,0.27,10.0,394,0.39,14.5,564,0.56,20.8,23.2,21.3,154 + 394,20.0,1N5365B (36 V),0.42
11,Rojo,2.0,12,24.0,274,0.27,9.7,394,0.39,14.1,564,0.56,20.2,22.6,20.7,224 + 334,19.9,1N5366B (39 V),0.48
12,Rojo,2.0,15,30.0,274,0.27,9.4,394,0.39,13.5,564,0.56,19.4,21.8,19.9,184 + 394,19.8,1N5368B (47 V),0.58
13,Rojo,2.0,18,36.0,274,0.27,9.0,474,0.47,15.6,564,0.56,18.6,21.0,19.1,274 + 334,19.9,1N5370B (56 V),0.67
14,Rojo,2.0,20,40.0,274,0.27,8.7,474,0.47,15.2,564,0.56,18.1,20.5,18.6,154 + 474,20.0,1N5372B (62 V),0.72
15,Rojo,2.0,25,50.0,334,0.33,9.9,474,0.47,14.0,684,0.68,20.3,23.2,20.9,104 + 564,19.7,1N5374B (75 V),1.01
16,Rojo,2.0,30,60.0,334,0.33,9.1,564,0.56,15.4,684,0.68,18.7,21.6,19.3,334 + 394,19.8,1N5377B (91 V),1.12
17,Rojo,2.0,35,70.0,394,0.39,9.8,564,0.56,14.0,684,0.68,17.0,20.0,17.7,124 + 684,20.0,1N5378B (100 V),1.19
18,Rojo,2.0,40,80.0,394,0.39,8.8,564,0.56,12.7,824,0.82,18.6,22.1,19.3,184 + 684,19.5,1N5380B (120 V),1.49
19,Naranja,2.0,1,2.0,224,0.22,9.1,394,0.39,16.1,474,0.47,19.4,21.5,19.9,154 + 334,19.9,1N5349B (12 V),0.04
20,Naranja,2.0,2,4.0,224,0.22,9.0,394,0.39,15.9,474,0.47,19.2,21.2,19.7,104 + 394,20.0,1N5349B (12 V),0.08
21,Naranja,2.0,3,6.0,224,0.22,8.9,394,0.39,15.8,474,0.47,19.0,21.0,19.4,104 + 394,19.8,1N5352B (15 V),0.11
22,Naranja,2.0,4,8.0,274,0.27,10.8,394,0.39,15.6,474,0.47,18.8,20.8,19.2,124 + 394,20.4,1N5355B (18 V),0.15
23,Naranja,2.0,5,10.0,274,0.27,10.7,394,0.39,15.4,474,0.47,18.5,20.6,19.0,124 + 394,20.1,1N5357B (20 V),0.18
24,Naranja,2.0,6,12.0,274,0.27,10.5,394,0.39,15.2,474,0.47,18.3,20.3,18.7,124 + 394,19.9,1N5358B (22 V),0.22
25,Naranja,2.0,7,14.0,274,0.27,10.4,394,0.39,15.0,564,0.56,21.6,24.0,22.1,124 + 394,19.6,1N5359B (24 V),0.3
26,Naranja,2.0,8,16.0,274,0.27,10.3,394,0.39,14.8,564,0.56,21.3,23.7,21.8,154 + 394,20.5,1N5361B (27 V),0.34
27,Naranja,2.0,9,18.0,274,0.27,10.1,394,0.39,14.6,564,0.56,21.0,23.4,21.5,154 + 394,20.3,1N5363B (30 V),0.38
28,Naranja,2.0,10,20.0,274,0.27,10.0,394,0.39,14.5,564,0.56,20.8,23.2,21.3,154 + 394,20.0,1N5365B (36 V),0.42
29,Naranja,2.0,12,24.0,274,0.27,9.7,394,0.39,14.1,564,0.56,20.2,22.6,20.7,224 + 334,19.9,1N5366B (39 V),0.48
30,Naranja,2.0,15,30.0,274,0.27,9.4,394,0.39,13.5,564,0.56,19.4,21.8,19.9,184 + 394,19.8,1N5368B (47 V),0.58
31,Naranja,2.0,18,36.0,274,0.27,9.0,474,0.47,15.6,564,0.56,18.6,21.0,19.1,274 + 334,19.9,1N5370B (56 V),0.67
32,Naranja,2.0,20,40.0,274,0.27,8.7,474,0.47,15.2,564,0.56,18.1,20.5,18.6,154 + 474,20.0,1N5372B (62 V),0.72
33,Naranja,2.0,25,50.0,334,0.33,9.9,474,0.47,14.0,684,0.68,20.3,23.2,20.9,104 + 564,19.7,1N5374B (75 V),1.01
34,Naranja,2.0,30,60.0,334,0.33,9.1,564,0.56,15.4,684,0.68,18.7,21.6,19.3,334 + 394,19.8,1N5377B (91 V),1.12
35,Naranja,2.0,35,70.0,394,0.39,9.8,564,0.56,14.0,684,0.68,17.0,20.0,17.7,124 + 684,20.0,1N5378B (100 V),1.19
36,Naranja,2.0,40,80.0,394,0.39,8.8,564,0.56,12.7,824,0.82,18.6,22.1,19.3,184 + 684,19.5,1N5380B (120 V),1.49
37,Amarillo,2.1,1,2.1,224,0.22,9.1,394,0.39,16.1,474,0.47,19.4,21.5,19.9,154 + 334,19.8,1N5349B (12 V),0.04
38,Amarillo,2.1,2,4.2,224,0.22,9.0,394,0.39,15.9,474,0.47,19.2,21.2,19.6,104 + 394,20.0,1N5349B (12 V),0.08
39,Amarillo,2.1,3,6.3,224,0.22,8.9,394,0.39,15.7,474,0.47,19.0,21.0,19.4,104 + 394,19.8,1N5352B (15 V),0.12
40,Amarillo,2.1,4,8.4,274,0.27,10.8,394,0.39,15.5,474,0.47,18.7,20.8,19.2,124 + 394,20.3,1N5355B (18 V),0.16
41,Amarillo,2.1,5,10.5,274,0.27,10.6,394,0.39,15.3,474,0.47,18.5,20.5,18.9,124 + 394,20.1,1N5357B (20 V),0.19
42,Amarillo,2.1,6,12.6,274,0.27,10.5,394,0.39,15.1,474,0.47,18.3,20.3,18.7,124 + 394,19.8,1N5358B (22 V),0.23
43,Amarillo,2.1,7,14.7,274,0.27,10.3,394,0.39,14.9,564,0.56,21.5,23.9,22.0,124 + 394,19.5,1N5361B (27 V),0.32
44,Amarillo,2.1,8,16.8,274,0.27,10.2,394,0.39,14.8,564,0.56,21.2,23.6,21.7,154 + 394,20.4,1N5361B (27 V),0.36
45,Amarillo,2.1,9,18.9,274,0.27,10.1,394,0.39,14.6,564,0.56,20.9,23.3,21.4,154 + 394,20.2,1N5363B (30 V),0.4
46,Amarillo,2.1,10,21.0,274,0.27,9.9,394,0.39,14.4,564,0.56,20.6,23.0,21.1,154 + 394,19.9,1N5365B (36 V),0.43
47,Amarillo,2.1,12,25.2,274,0.27,9.7,394,0.39,14.0,564,0.56,20.1,22.5,20.6,564,20.1,1N5366B (39 V),0.51
48,Amarillo,2.1,15,31.5,274,0.27,9.3,394,0.39,13.4,564,0.56,19.2,21.6,19.7,124 + 474,20.2,1N5368B (47 V),0.6
49,Amarillo,2.1,18,37.8,274,0.27,8.9,474,0.47,15.4,564,0.56,18.4,20.8,18.9,224 + 394,20.0,1N5370B (56 V),0.7
50,Amarillo,2.1,20,42.0,334,0.33,10.5,474,0.47,14.9,564,0.56,17.8,20.2,18.3,154 + 474,19.7,1N5372B (62 V),0.75
51,Amarillo,2.1,25,52.5,334,0.33,9.7,474,0.47,13.8,684,0.68,19.9,22.8,20.5,684,19.9,1N5374B (75 V),1.04
52,Amarillo,2.1,30,63.0,334,0.33,8.8,564,0.56,15.0,684,0.68,18.2,21.1,18.8,184 + 564,19.8,1N5377B (91 V),1.15
53,Amarillo,2.1,35,73.5,394,0.39,9.4,564,0.56,13.6,824,0.82,19.9,23.4,20.6,154 + 684,20.1,1N5379B (110 V),1.46
54,Amarillo,2.1,40,84.0,394,0.39,8.5,684,0.68,14.8,824,0.82,17.8,21.3,18.5,104 + 824,20.0,1N5380B (120 V),1.5
55,Verde limón (GaP),2.2,1,2.2,224,0.22,9.1,394,0.39,16.1,474,0.47,19.4,21.5,19.9,154 + 334,19.8,1N5349B (12 V),0.04
56,Verde limón (GaP),2.2,2,4.4,224,0.22,9.0,394,0.39,15.9,474,0.47,19.2,21.2,19.6,104 + 394,20.0,1N5349B (12 V),0.08
57,Verde limón (GaP),2.2,3,6.6,224,0.22,8.9,394,0.39,15.7,474,0.47,18.9,21.0,19.4,104 + 394,19.7,1N5352B (15 V),0.12
58,Verde limón (GaP),2.2,4,8.8,274,0.27,10.7,394,0.39,15.5,474,0.47,18.7,20.7,19.1,124 + 394,20.3,1N5355B (18 V),0.16
59,Verde limón (GaP),2.2,5,11.0,274,0.27,10.6,394,0.39,15.3,474,0.47,18.4,20.5,18.9,124 + 394,20.0,1N5357B (20 V),0.2
60,Verde limón (GaP),2.2,6,13.2,274,0.27,10.4,394,0.39,15.1,474,0.47,18.2,20.2,18.6,124 + 394,19.7,1N5359B (24 V),0.24
61,Verde limón (GaP),2.2,7,15.4,274,0.27,10.3,394,0.39,14.9,564,0.56,21.4,23.8,21.9,124 + 394,19.5,1N5361B (27 V),0.33
62,Verde limón (GaP),2.2,8,17.6,274,0.27,10.2,394,0.39,14.7,564,0.56,21.1,23.5,21.6,154 + 394,20.3,1N5363B (30 V),0.37
63,Verde limón (GaP),2.2,9,19.8,274,0.27,10.0,394,0.39,14.5,564,0.56,20.8,23.2,21.3,154 + 394,20.0,1N5365B (36 V),0.41
64,Verde limón (GaP),2.2,10,22.0,274,0.27,9.9,394,0.39,14.3,564,0.56,20.5,22.9,21.0,224 + 334,20.1,1N5365B (36 V),0.45
65,Verde limón (GaP),2.2,12,26.4,274,0.27,9.6,394,0.39,13.9,564,0.56,19.9,22.3,20.4,564,19.9,1N5367B (43 V),0.53
66,Verde limón (GaP),2.2,15,33.0,274,0.27,9.2,474,0.47,16.0,564,0.56,19.0,21.4,19.5,124 + 474,20.0,1N5369B (51 V),0.63
67,Verde limón (GaP),2.2,18,39.6,274,0.27,8.7,474,0.47,15.2,564,0.56,18.1,20.5,18.6,154 + 474,20.1,1N5372B (62 V),0.72
68,Verde limón (GaP),2.2,20,44.0,334,0.33,10.3,474,0.47,14.7,564,0.56,17.5,19.9,18.0,184 + 474,20.3,1N5373B (68 V),0.77
69,Verde limón (GaP),2.2,25,55.0,334,0.33,9.5,474,0.47,13.5,684,0.68,19.5,22.4,20.1,224 + 474,19.8,1N5375B (82 V),1.07
70,Verde limón (GaP),2.2,30,66.0,394,0.39,10.1,564,0.56,14.6,684,0.68,17.7,20.6,18.3,104 + 684,20.3,1N5378B (100 V),1.17
71,Verde limón (GaP),2.2,35,77.0,394,0.39,9.1,564,0.56,13.1,824,0.82,19.2,22.7,19.9,394 + 474,20.1,1N5379B (110 V),1.48
72,Verde limón (GaP),2.2,40,88.0,474,0.47,9.7,684,0.68,14.1,824,0.82,17.0,20.5,17.8,274 + 684,19.7,1N5381B (130 V),1.5
73,Verde esmeralda,3.1,1,3.1,224,0.22,9.0,394,0.39,16.0,474,0.47,19.3,21.3,19.8,104 + 394,20.1,1N5349B (12 V),0.06
74,Verde esmeralda,3.1,2,6.2,224,0.22,8.9,394,0.39,15.7,474,0.47,19.0,21.0,19.4,104 + 394,19.8,1N5352B (15 V),0.12
75,Verde esmeralda,3.1,3,9.3,274,0.27,10.7,394,0.39,15.5,474,0.47,18.6,20.6,19.1,124 + 394,20.2,1N5355B (18 V),0.17
76,Verde esmeralda,3.1,4,12.4,274,0.27,10.5,394,0.39,15.2,474,0.47,18.3,20.3,18.7,124 + 394,19.8,1N5358B (22 V),0.23
77,Verde esmeralda,3.1,5,15.5,274,0.27,10.3,394,0.39,14.9,564,0.56,21.4,23.8,21.9,124 + 394,19.4,1N5361B (27 V),0.33
78,Verde esmeralda,3.1,6,18.6,274,0.27,10.1,394,0.39,14.6,564,0.56,20.9,23.4,21.5,154 + 394,20.2,1N5363B (30 V),0.39
79,Verde esmeralda,3.1,7,21.7,274,0.27,9.9,394,0.39,14.3,564,0.56,20.5,22.9,21.0,224 + 334,20.2,1N5365B (36 V),0.44
80,Verde esmeralda,3.1,8,24.8,274,0.27,9.7,394,0.39,14.0,564,0.56,20.1,22.5,20.6,564,20.1,1N5366B (39 V),0.5
81,Verde esmeralda,3.1,9,27.9,274,0.27,9.5,394,0.39,13.7,564,0.56,19.7,22.1,20.2,104 + 474,20.0,1N5367B (43 V),0.55
82,Verde esmeralda,3.1,10,31.0,274,0.27,9.3,394,0.39,13.4,564,0.56,19.3,21.7,19.8,124 + 474,20.3,1N5368B (47 V),0.6
83,Verde esmeralda,3.1,12,37.2,274,0.27,8.9,474,0.47,15.5,564,0.56,18.4,20.9,19.0,224 + 394,20.1,1N5370B (56 V),0.68
84,Verde esmeralda,3.1,15,46.5,334,0.33,10.1,474,0.47,14.4,684,0.68,20.9,23.8,21.5,184 + 474,20.0,1N5373B (68 V),0.97
85,Verde esmeralda,3.1,18,55.8,334,0.33,9.4,474,0.47,13.4,684,0.68,19.4,22.3,20.0,154 + 564,20.2,1N5375B (82 V),1.08
86,Verde esmeralda,3.1,20,62.0,334,0.33,8.9,564,0.56,15.1,684,0.68,18.3,21.3,19.0,184 + 564,20.0,1N5377B (91 V),1.13
87,Verde esmeralda,3.1,25,77.5,394,0.39,9.1,564,0.56,13.0,824,0.82,19.1,22.6,19.8,394 + 474,20.0,1N5379B (110 V),1.48
88,Verde esmeralda,3.1,30,93.0,474,0.47,9.2,684,0.68,13.3,105,1.0,19.5,23.8,20.4,105,19.5,1N5381B (130 V),1.81
89,Verde esmeralda,3.1,35,108.5,564,0.56,8.9,824,0.82,13.0,105,1.0,15.8,20.1,16.7,184 + 105,18.7,1N5383B (150 V),1.71
90,Azul,3.1,1,3.1,224,0.22,9.0,394,0.39,16.0,474,0.47,19.3,21.3,19.8,104 + 394,20.1,1N5349B (12 V),0.06
91,Azul,3.1,2,6.2,224,0.22,8.9,394,0.39,15.7,474,0.47,19.0,21.0,19.4,104 + 394,19.8,1N5352B (15 V),0.12
92,Azul,3.1,3,9.3,274,0.27,10.7,394,0.39,15.5,474,0.47,18.6,20.6,19.1,124 + 394,20.2,1N5355B (18 V),0.17
93,Azul,3.1,4,12.4,274,0.27,10.5,394,0.39,15.2,474,0.47,18.3,20.3,18.7,124 + 394,19.8,1N5358B (22 V),0.23
94,Azul,3.1,5,15.5,274,0.27,10.3,394,0.39,14.9,564,0.56,21.4,23.8,21.9,124 + 394,19.4,1N5361B (27 V),0.33
95,Azul,3.1,6,18.6,274,0.27,10.1,394,0.39,14.6,564,0.56,20.9,23.4,21.5,154 + 394,20.2,1N5363B (30 V),0.39
96,Azul,3.1,7,21.7,274,0.27,9.9,394,0.39,14.3,564,0.56,20.5,22.9,21.0,224 + 334,20.2,1N5365B (36 V),0.44
97,Azul,3.1,8,24.8,274,0.27,9.7,394,0.39,14.0,564,0.56,20.1,22.5,20.6,564,20.1,1N5366B (39 V),0.5
98,Azul,3.1,9,27.9,274,0.27,9.5,394,0.39,13.7,564,0.56,19.7,22.1,20.2,104 + 474,20.0,1N5367B (43 V),0.55
99,Azul,3.1,10,31.0,274,0.27,9.3,394,0.39,13.4,564,0.56,19.3,21.7,19.8,124 + 474,20.3,1N5368B (47 V),0.6
100,Azul,3.1,12,37.2,274,0.27,8.9,474,0.47,15.5,564,0.56,18.4,20.9,19.0,224 + 394,20.1,1N5370B (56 V),0.68
101,Azul,3.1,15,46.5,334,0.33,10.1,474,0.47,14.4,684,0.68,20.9,23.8,21.5,184 + 474,20.0,1N5373B (68 V),0.97
102,Azul,3.1,18,55.8,334,0.33,9.4,474,0.47,13.4,684,0.68,19.4,22.3,20.0,154 + 564,20.2,1N5375B (82 V),1.08
103,Azul,3.1,20,62.0,334,0.33,8.9,564,0.56,15.1,684,0.68,18.3,21.3,19.0,184 + 564,20.0,1N5377B (91 V),1.13
104,Azul,3.1,25,77.5,394,0.39,9.1,564,0.56,13.0,824,0.82,19.1,22.6,19.8,394 + 474,20.0,1N5379B (110 V),1.48
105,Azul,3.1,30,93.0,474,0.47,9.2,684,0.68,13.3,105,1.0,19.5,23.8,20.4,105,19.5,1N5381B (130 V),1.81
106,Azul,3.1,35,108.5,564,0.56,8.9,824,0.82,13.0,105,1.0,15.8,20.1,16.7,184 + 105,18.7,1N5383B (150 V),1.71
107,Blanco frío,3.1,1,3.1,224,0.22,9.0,394,0.39,16.0,474,0.47,19.3,21.3,19.8,104 + 394,20.1,1N5349B (12 V),0.06
108,Blanco frío,3.1,2,6.2,224,0.22,8.9,394,0.39,15.7,474,0.47,19.0,21.0,19.4,104 + 394,19.8,1N5352B (15 V),0.12
109,Blanco frío,3.1,3,9.3,274,0.27,10.7,394,0.39,15.5,474,0.47,18.6,20.6,19.1,124 + 394,20.2,1N5355B (18 V),0.17
110,Blanco frío,3.1,4,12.4,274,0.27,10.5,394,0.39,15.2,474,0.47,18.3,20.3,18.7,124 + 394,19.8,1N5358B (22 V),0.23
111,Blanco frío,3.1,5,15.5,274,0.27,10.3,394,0.39,14.9,564,0.56,21.4,23.8,21.9,124 + 394,19.4,1N5361B (27 V),0.33
112,Blanco frío,3.1,6,18.6,274,0.27,10.1,394,0.39,14.6,564,0.56,20.9,23.4,21.5,154 + 394,20.2,1N5363B (30 V),0.39
113,Blanco frío,3.1,7,21.7,274,0.27,9.9,394,0.39,14.3,564,0.56,20.5,22.9,21.0,224 + 334,20.2,1N5365B (36 V),0.44
114,Blanco frío,3.1,8,24.8,274,0.27,9.7,394,0.39,14.0,564,0.56,20.1,22.5,20.6,564,20.1,1N5366B (39 V),0.5
115,Blanco frío,3.1,9,27.9,274,0.27,9.5,394,0.39,13.7,564,0.56,19.7,22.1,20.2,104 + 474,20.0,1N5367B (43 V),0.55
116,Blanco frío,3.1,10,31.0,274,0.27,9.3,394,0.39,13.4,564,0.56,19.3,21.7,19.8,124 + 474,20.3,1N5368B (47 V),0.6
117,Blanco frío,3.1,12,37.2,274,0.27,8.9,474,0.47,15.5,564,0.56,18.4,20.9,19.0,224 + 394,20.1,1N5370B (56 V),0.68
118,Blanco frío,3.1,15,46.5,334,0.33,10.1,474,0.47,14.4,684,0.68,20.9,23.8,21.5,184 + 474,20.0,1N5373B (68 V),0.97
119,Blanco frío,3.1,18,55.8,334,0.33,9.4,474,0.47,13.4,684,0.68,19.4,22.3,20.0,154 + 564,20.2,1N5375B (82 V),1.08
120,Blanco frío,3.1,20,62.0,334,0.33,8.9,564,0.56,15.1,684,0.68,18.3,21.3,19.0,184 + 564,20.0,1N5377B (91 V),1.13
121,Blanco frío,3.1,25,77.5,394,0.39,9.1,564,0.56,13.0,824,0.82,19.1,22.6,19.8,394 + 474,20.0,1N5379B (110 V),1.48
122,Blanco frío,3.1,30,93.0,474,0.47,9.2,684,0.68,13.3,105,1.0,19.5,23.8,20.4,105,19.5,1N5381B (130 V),1.81
123,Blanco frío,3.1,35,108.5,564,0.56,8.9,824,0.82,13.0,105,1.0,15.8,20.1,16.7,184 + 105,18.7,1N5383B (150 V),1.71
124,Blanco cálido,3.1,1,3.1,224,0.22,9.0,394,0.39,16.0,474,0.47,19.3,21.3,19.8,104 + 394,20.1,1N5349B (12 V),0.06
125,Blanco cálido,3.1,2,6.2,224,0.22,8.9,394,0.39,15.7,474,0.47,19.0,21.0,19.4,104 + 394,19.8,1N5352B (15 V),0.12
126,Blanco cálido,3.1,3,9.3,274,0.27,10.7,394,0.39,15.5,474,0.47,18.6,20.6,19.1,124 + 394,20.2,1N5355B (18 V),0.17
127,Blanco cálido,3.1,4,12.4,274,0.27,10.5,394,0.39,15.2,474,0.47,18.3,20.3,18.7,124 + 394,19.8,1N5358B (22 V),0.23
128,Blanco cálido,3.1,5,15.5,274,0.27,10.3,394,0.39,14.9,564,0.56,21.4,23.8,21.9,124 + 394,19.4,1N5361B (27 V),0.33
129,Blanco cálido,3.1,6,18.6,274,0.27,10.1,394,0.39,14.6,564,0.56,20.9,23.4,21.5,154 + 394,20.2,1N5363B (30 V),0.39
130,Blanco cálido,3.1,7,21.7,274,0.27,9.9,394,0.39,14.3,564,0.56,20.5,22.9,21.0,224 + 334,20.2,1N5365B (36 V),0.44
131,Blanco cálido,3.1,8,24.8,274,0.27,9.7,394,0.39,14.0,564,0.56,20.1,22.5,20.6,564,20.1,1N5366B (39 V),0.5
132,Blanco cálido,3.1,9,27.9,274,0.27,9.5,394,0.39,13.7,564,0.56,19.7,22.1,20.2,104 + 474,20.0,1N5367B (43 V),0.55
133,Blanco cálido,3.1,10,31.0,274,0.27,9.3,394,0.39,13.4,564,0.56,19.3,21.7,19.8,124 + 474,20.3,1N5368B (47 V),0.6
134,Blanco cálido,3.1,12,37.2,274,0.27,8.9,474,0.47,15.5,564,0.56,18.4,20.9,19.0,224 + 394,20.1,1N5370B (56 V),0.68
135,Blanco cálido,3.1,15,46.5,334,0.33,10.1,474,0.47,14.4,684,0.68,20.9,23.8,21.5,184 + 474,20.0,1N5373B (68 V),0.97
136,Blanco cálido,3.1,18,55.8,334,0.33,9.4,474,0.47,13.4,684,0.68,19.4,22.3,20.0,154 + 564,20.2,1N5375B (82 V),1.08
137,Blanco cálido,3.1,20,62.0,334,0.33,8.9,564,0.56,15.1,684,0.68,18.3,21.3,19.0,184 + 564,20.0,1N5377B (91 V),1.13
138,Blanco cálido,3.1,25,77.5,394,0.39,9.1,564,0.56,13.0,824,0.82,19.1,22.6,19.8,394 + 474,20.0,1N5379B (110 V),1.48
139,Blanco cálido,3.1,30,93.0,474,0.47,9.2,684,0.68,13.3,105,1.0,19.5,23.8,20.4,105,19.5,1N5381B (130 V),1.81
140,Blanco cálido,3.1,35,108.5,564,0.56,8.9,824,0.82,13.0,105,1.0,15.8,20.1,16.7,184 + 105,18.7,1N5383B (150 V),1.71
141,Rosa,3.1,1,3.1,224,0.22,9.0,394,0.39,16.0,474,0.47,19.3,21.3,19.8,104 + 394,20.1,1N5349B (12 V),0.06
142,Rosa,3.1,2,6.2,224,0.22,8.9,394,0.39,15.7,474,0.47,19.0,21.0,19.4,104 + 394,19.8,1N5352B (15 V),0.12
143,Rosa,3.1,3,9.3,274,0.27,10.7,394,0.39,15.5,474,0.47,18.6,20.6,19.1,124 + 394,20.2,1N5355B (18 V),0.17
144,Rosa,3.1,4,12.4,274,0.27,10.5,394,0.39,15.2,474,0.47,18.3,20.3,18.7,124 + 394,19.8,1N5358B (22 V),0.23
145,Rosa,3.1,5,15.5,274,0.27,10.3,394,0.39,14.9,564,0.56,21.4,23.8,21.9,124 + 394,19.4,1N5361B (27 V),0.33
146,Rosa,3.1,6,18.6,274,0.27,10.1,394,0.39,14.6,564,0.56,20.9,23.4,21.5,154 + 394,20.2,1N5363B (30 V),0.39
147,Rosa,3.1,7,21.7,274,0.27,9.9,394,0.39,14.3,564,0.56,20.5,22.9,21.0,224 + 334,20.2,1N5365B (36 V),0.44
148,Rosa,3.1,8,24.8,274,0.27,9.7,394,0.39,14.0,564,0.56,20.1,22.5,20.6,564,20.1,1N5366B (39 V),0.5
149,Rosa,3.1,9,27.9,274,0.27,9.5,394,0.39,13.7,564,0.56,19.7,22.1,20.2,104 + 474,20.0,1N5367B (43 V),0.55
150,Rosa,3.1,10,31.0,274,0.27,9.3,394,0.39,13.4,564,0.56,19.3,21.7,19.8,124 + 474,20.3,1N5368B (47 V),0.6
151,Rosa,3.1,12,37.2,274,0.27,8.9,474,0.47,15.5,564,0.56,18.4,20.9,19.0,224 + 394,20.1,1N5370B (56 V),0.68
152,Rosa,3.1,15,46.5,334,0.33,10.1,474,0.47,14.4,684,0.68,20.9,23.8,21.5,184 + 474,20.0,1N5373B (68 V),0.97
153,Rosa,3.1,18,55.8,334,0.33,9.4,474,0.47,13.4,684,0.68,19.4,22.3,20.0,154 + 564,20.2,1N5375B (82 V),1.08
154,Rosa,3.1,20,62.0,334,0.33,8.9,564,0.56,15.1,684,0.68,18.3,21.3,19.0,184 + 564,20.0,1N5377B (91 V),1.13
155,Rosa,3.1,25,77.5,394,0.39,9.1,564,0.56,13.0,824,0.82,19.1,22.6,19.8,394 + 474,20.0,1N5379B (110 V),1.48
156,Rosa,3.1,30,93.0,474,0.47,9.2,684,0.68,13.3,105,1.0,19.5,23.8,20.4,105,19.5,1N5381B (130 V),1.81
157,Rosa,3.1,35,108.5,564,0.56,8.9,824,0.82,13.0,105,1.0,15.8,20.1,16.7,184 + 105,18.7,1N5383B (150 V),1.71
158,Violeta / UV,3.3,1,3.3,224,0.22,9.0,394,0.39,16.0,474,0.47,19.3,21.3,19.7,104 + 394,20.1,1N5349B (12 V),0.06
159,Violeta / UV,3.3,2,6.6,224,0.22,8.9,394,0.39,15.7,474,0.47,18.9,21.0,19.4,104 + 394,19.7,1N5352B (15 V),0.12
160,Violeta / UV,3.3,3,9.9,274,0.27,10.7,394,0.39,15.4,474,0.47,18.6,20.6,19.0,124 + 394,20.1,1N5355B (18 V),0.18
161,Violeta / UV,3.3,4,13.2,274,0.27,10.4,394,0.39,15.1,474,0.47,18.2,20.2,18.6,124 + 394,19.7,1N5358B (22 V),0.24
162,Violeta / UV,3.3,5,16.5,274,0.27,10.2,394,0.39,14.8,564,0.56,21.2,23.6,21.7,154 + 394,20.5,1N5361B (27 V),0.35
163,Violeta / UV,3.3,6,19.8,274,0.27,10.0,394,0.39,14.5,564,0.56,20.8,23.2,21.3,154 + 394,20.0,1N5365B (36 V),0.41
164,Violeta / UV,3.3,7,23.1,274,0.27,9.8,394,0.39,14.2,564,0.56,20.3,22.7,20.8,224 + 334,20.0,1N5365B (36 V),0.47
165,Violeta / UV,3.3,8,26.4,274,0.27,9.6,394,0.39,13.9,564,0.56,19.9,22.3,20.4,564,19.9,1N5366B (39 V),0.53
166,Violeta / UV,3.3,9,29.7,274,0.27,9.4,394,0.39,13.5,564,0.56,19.4,21.9,20.0,184 + 394,19.8,1N5368B (47 V),0.58
167,Violeta / UV,3.3,10,33.0,274,0.27,9.2,474,0.47,16.0,564,0.56,19.0,21.4,19.5,124 + 474,20.0,1N5369B (51 V),0.63
168,Violeta / UV,3.3,12,39.6,274,0.27,8.7,474,0.47,15.2,564,0.56,18.1,20.5,18.6,154 + 474,20.1,1N5370B (56 V),0.72
169,Violeta / UV,3.3,15,49.5,334,0.33,9.9,474,0.47,14.1,684,0.68,20.4,23.3,21.0,104 + 564,19.8,1N5374B (75 V),1.01
170,Violeta / UV,3.3,18,59.4,334,0.33,9.1,564,0.56,15.5,684,0.68,18.8,21.7,19.4,334 + 394,19.9,1N5375B (82 V),1.12
171,Violeta / UV,3.3,20,66.0,394,0.39,10.1,564,0.56,14.6,684,0.68,17.7,20.6,18.3,104 + 684,20.3,1N5377B (91 V),1.17
172,Violeta / UV,3.3,25,82.5,394,0.39,8.6,684,0.68,15.0,824,0.82,18.1,21.6,18.8,224 + 684,19.9,1N5380B (120 V),1.49
173,Violeta / UV,3.3,30,99.0,474,0.47,8.5,684,0.68,12.3,105,1.0,18.1,22.4,19.0,394 + 684,19.4,1N5383B (150 V),1.79
