id,color,vf,n,v_total,cap_normal,uf_normal,ma_normal,ma_alta,cap_vida,ma_vida,zener,watts,nota
1,Rojo,2.0,1,2.0,474J,0.47,19.4,21.5,334J,13.7,1N5349B (12 V),0.04,
2,Rojo,2.0,2,4.0,474J,0.47,19.2,21.2,334J,13.5,1N5349B (12 V),0.08,
3,Rojo,2.0,3,6.0,474J,0.47,19.0,21.0,334J,13.3,1N5352B (15 V),0.11,
4,Rojo,2.0,4,8.0,474J,0.47,18.8,20.8,334J,13.2,1N5355B (18 V),0.15,
5,Rojo,2.0,5,10.0,474J,0.47,18.5,20.6,334J,13.0,1N5357B (20 V),0.19,
6,Rojo,2.0,6,12.0,474J,0.47,18.3,20.3,334J,12.9,1N5358B (22 V),0.22,
7,Rojo,2.0,7,14.0,474J,0.47,18.1,20.1,334J,12.7,1N5361B (27 V),0.25,
8,Rojo,2.0,8,16.0,474J,0.47,17.9,19.9,334J,12.5,1N5361B (27 V),0.29,
9,Rojo,2.0,9,18.0,474J,0.47,17.6,19.7,334J,12.4,1N5363B (30 V),0.32,
10,Rojo,2.0,10,20.0,474J,0.47,17.4,19.4,334J,12.2,1N5365B (36 V),0.35,
11,Rojo,2.0,12,24.0,474J,0.47,17.0,19.0,394J,14.1,1N5366B (39 V),0.41,
12,Rojo,2.0,15,30.0,474J,0.47,16.3,18.3,394J,13.5,1N5368B (47 V),0.49,
13,Rojo,2.0,18,36.0,564J,0.56,18.6,21.0,394J,13.0,1N5370B (56 V),0.67,
14,Rojo,2.0,20,40.0,564J,0.56,18.1,20.5,394J,12.6,1N5372B (62 V),0.72,
15,Rojo,2.0,25,50.0,564J,0.56,16.7,19.1,394J,11.6,1N5374B (75 V),0.84,
16,Rojo,2.0,30,60.0,564J,0.56,15.4,17.8,474J,12.9,1N5377B (91 V),0.92,
17,Rojo,2.0,35,70.0,684J,0.68,17.0,20.0,474J,11.8,1N5379B (110 V),1.19,
18,Rojo,2.0,40,80.0,684J,0.68,15.4,18.3,564J,12.7,1N5380B (120 V),1.23,
19,Naranja,2.0,1,2.0,474J,0.47,19.4,21.5,334J,13.7,1N5349B (12 V),0.04,
20,Naranja,2.0,2,4.0,474J,0.47,19.2,21.2,334J,13.5,1N5349B (12 V),0.08,
21,Naranja,2.0,3,6.0,474J,0.47,19.0,21.0,334J,13.3,1N5352B (15 V),0.11,
22,Naranja,2.0,4,8.0,474J,0.47,18.8,20.8,334J,13.2,1N5355B (18 V),0.15,
23,Naranja,2.0,5,10.0,474J,0.47,18.5,20.6,334J,13.0,1N5357B (20 V),0.19,
24,Naranja,2.0,6,12.0,474J,0.47,18.3,20.3,334J,12.9,1N5358B (22 V),0.22,
25,Naranja,2.0,7,14.0,474J,0.47,18.1,20.1,334J,12.7,1N5361B (27 V),0.25,
26,Naranja,2.0,8,16.0,474J,0.47,17.9,19.9,334J,12.5,1N5361B (27 V),0.29,
27,Naranja,2.0,9,18.0,474J,0.47,17.6,19.7,334J,12.4,1N5363B (30 V),0.32,
28,Naranja,2.0,10,20.0,474J,0.47,17.4,19.4,334J,12.2,1N5365B (36 V),0.35,
29,Naranja,2.0,12,24.0,474J,0.47,17.0,19.0,394J,14.1,1N5366B (39 V),0.41,
30,Naranja,2.0,15,30.0,474J,0.47,16.3,18.3,394J,13.5,1N5368B (47 V),0.49,
31,Naranja,2.0,18,36.0,564J,0.56,18.6,21.0,394J,13.0,1N5370B (56 V),0.67,
32,Naranja,2.0,20,40.0,564J,0.56,18.1,20.5,394J,12.6,1N5372B (62 V),0.72,
33,Naranja,2.0,25,50.0,564J,0.56,16.7,19.1,394J,11.6,1N5374B (75 V),0.84,
34,Naranja,2.0,30,60.0,564J,0.56,15.4,17.8,474J,12.9,1N5377B (91 V),0.92,
35,Naranja,2.0,35,70.0,684J,0.68,17.0,20.0,474J,11.8,1N5379B (110 V),1.19,
36,Naranja,2.0,40,80.0,684J,0.68,15.4,18.3,564J,12.7,1N5380B (120 V),1.23,
37,Amarillo,2.1,1,2.1,474J,0.47,19.4,21.5,334J,13.6,1N5349B (12 V),0.04,
38,Amarillo,2.1,2,4.2,474J,0.47,19.2,21.2,334J,13.5,1N5349B (12 V),0.08,
39,Amarillo,2.1,3,6.3,474J,0.47,19.0,21.0,334J,13.3,1N5352B (15 V),0.12,
40,Amarillo,2.1,4,8.4,474J,0.47,18.7,20.8,334J,13.1,1N5355B (18 V),0.16,
41,Amarillo,2.1,5,10.5,474J,0.47,18.5,20.5,334J,13.0,1N5357B (20 V),0.19,
42,Amarillo,2.1,6,12.6,474J,0.47,18.3,20.3,334J,12.8,1N5358B (22 V),0.23,
43,Amarillo,2.1,7,14.7,474J,0.47,18.0,20.0,334J,12.6,1N5361B (27 V),0.26,
44,Amarillo,2.1,8,16.8,474J,0.47,17.8,19.8,334J,12.5,1N5361B (27 V),0.3,
45,Amarillo,2.1,9,18.9,474J,0.47,17.5,19.6,334J,12.3,1N5363B (30 V),0.33,
46,Amarillo,2.1,10,21.0,474J,0.47,17.3,19.3,334J,12.1,1N5365B (36 V),0.36,
47,Amarillo,2.1,12,25.2,474J,0.47,16.8,18.9,394J,14.0,1N5366B (39 V),0.42,
48,Amarillo,2.1,15,31.5,474J,0.47,16.1,18.1,394J,13.4,1N5368B (47 V),0.51,
49,Amarillo,2.1,18,37.8,564J,0.56,18.4,20.8,394J,12.8,1N5370B (56 V),0.69,
50,Amarillo,2.1,20,42.0,564J,0.56,17.8,20.2,394J,12.4,1N5372B (62 V),0.75,
51,Amarillo,2.1,25,52.5,564J,0.56,16.4,18.8,474J,13.8,1N5374B (75 V),0.86,
52,Amarillo,2.1,30,63.0,684J,0.68,18.2,21.1,474J,12.6,1N5377B (91 V),1.15,
53,Amarillo,2.1,35,73.5,684J,0.68,16.5,19.4,564J,13.6,1N5379B (110 V),1.21,
54,Amarillo,2.1,40,84.0,824J,0.82,17.8,21.3,564J,12.2,1N5380B (120 V),1.49,
55,Verde limón (GaP),2.2,1,2.2,474J,0.47,19.4,21.5,334J,13.6,1N5349B (12 V),0.04,"verde claro, poco brillo"
56,Verde limón (GaP),2.2,2,4.4,474J,0.47,19.2,21.2,334J,13.5,1N5349B (12 V),0.08,"verde claro, poco brillo"
57,Verde limón (GaP),2.2,3,6.6,474J,0.47,18.9,21.0,334J,13.3,1N5352B (15 V),0.12,"verde claro, poco brillo"
58,Verde limón (GaP),2.2,4,8.8,474J,0.47,18.7,20.7,334J,13.1,1N5355B (18 V),0.16,"verde claro, poco brillo"
59,Verde limón (GaP),2.2,5,11.0,474J,0.47,18.4,20.5,334J,12.9,1N5357B (20 V),0.2,"verde claro, poco brillo"
60,Verde limón (GaP),2.2,6,13.2,474J,0.47,18.2,20.2,334J,12.8,1N5359B (24 V),0.24,"verde claro, poco brillo"
61,Verde limón (GaP),2.2,7,15.4,474J,0.47,17.9,20.0,334J,12.6,1N5361B (27 V),0.28,"verde claro, poco brillo"
62,Verde limón (GaP),2.2,8,17.6,474J,0.47,17.7,19.7,334J,12.4,1N5363B (30 V),0.31,"verde claro, poco brillo"
63,Verde limón (GaP),2.2,9,19.8,474J,0.47,17.4,19.5,334J,12.2,1N5365B (36 V),0.35,"verde claro, poco brillo"
64,Verde limón (GaP),2.2,10,22.0,474J,0.47,17.2,19.2,394J,14.3,1N5365B (36 V),0.38,"verde claro, poco brillo"
65,Verde limón (GaP),2.2,12,26.4,474J,0.47,16.7,18.7,394J,13.9,1N5367B (43 V),0.44,"verde claro, poco brillo"
66,Verde limón (GaP),2.2,15,33.0,564J,0.56,19.0,21.4,394J,13.2,1N5369B (51 V),0.63,"verde claro, poco brillo"
67,Verde limón (GaP),2.2,18,39.6,564J,0.56,18.1,20.5,394J,12.6,1N5372B (62 V),0.72,"verde claro, poco brillo"
68,Verde limón (GaP),2.2,20,44.0,564J,0.56,17.5,19.9,394J,12.2,1N5373B (68 V),0.77,"verde claro, poco brillo"
69,Verde limón (GaP),2.2,25,55.0,564J,0.56,16.0,18.5,474J,13.5,1N5375B (82 V),0.88,"verde claro, poco brillo"
70,Verde limón (GaP),2.2,30,66.0,684J,0.68,17.7,20.6,474J,12.2,1N5378B (100 V),1.17,"verde claro, poco brillo"
71,Verde limón (GaP),2.2,35,77.0,684J,0.68,15.9,18.8,564J,13.1,1N5379B (110 V),1.22,"verde claro, poco brillo"
72,Verde limón (GaP),2.2,40,88.0,824J,0.82,17.0,20.5,564J,11.6,1N5381B (130 V),1.5,"verde claro, poco brillo"
73,Verde brillante,3.1,1,3.1,474J,0.47,19.3,21.3,334J,13.6,1N5349B (12 V),0.06,verde intenso
74,Verde brillante,3.1,2,6.2,474J,0.47,19.0,21.0,334J,13.3,1N5352B (15 V),0.12,verde intenso
75,Verde brillante,3.1,3,9.3,474J,0.47,18.6,20.6,334J,13.1,1N5355B (18 V),0.17,verde intenso
76,Verde brillante,3.1,4,12.4,474J,0.47,18.3,20.3,334J,12.8,1N5358B (22 V),0.23,verde intenso
77,Verde brillante,3.1,5,15.5,474J,0.47,17.9,20.0,334J,12.6,1N5361B (27 V),0.28,verde intenso
78,Verde brillante,3.1,6,18.6,474J,0.47,17.6,19.6,334J,12.3,1N5363B (30 V),0.33,verde intenso
79,Verde brillante,3.1,7,21.7,474J,0.47,17.2,19.3,394J,14.3,1N5365B (36 V),0.37,verde intenso
80,Verde brillante,3.1,8,24.8,474J,0.47,16.9,18.9,394J,14.0,1N5366B (39 V),0.42,verde intenso
81,Verde brillante,3.1,9,27.9,474J,0.47,16.5,18.6,394J,13.7,1N5367B (43 V),0.46,verde intenso
82,Verde brillante,3.1,10,31.0,474J,0.47,16.2,18.2,394J,13.4,1N5368B (47 V),0.5,verde intenso
83,Verde brillante,3.1,12,37.2,564J,0.56,18.4,20.9,394J,12.8,1N5370B (56 V),0.69,verde intenso
84,Verde brillante,3.1,15,46.5,564J,0.56,17.2,19.6,394J,12.0,1N5373B (68 V),0.8,verde intenso
85,Verde brillante,3.1,18,55.8,564J,0.56,15.9,18.4,474J,13.4,1N5375B (82 V),0.89,verde intenso
86,Verde brillante,3.1,20,62.0,684J,0.68,18.3,21.3,474J,12.7,1N5377B (91 V),1.14,verde intenso
87,Verde brillante,3.1,25,77.5,684J,0.68,15.8,18.7,564J,13.0,1N5379B (110 V),1.23,verde intenso
88,Verde brillante,3.1,30,93.0,824J,0.82,16.0,19.6,564J,10.9,1N5381B (130 V),1.49,verde intenso
89,Verde brillante,3.1,35,108.5,105J,1.0,15.8,20.1,684J,10.8,1N5383B (150 V),1.72,verde intenso
90,Azul,3.1,1,3.1,474J,0.47,19.3,21.3,334J,13.6,1N5349B (12 V),0.06,
91,Azul,3.1,2,6.2,474J,0.47,19.0,21.0,334J,13.3,1N5352B (15 V),0.12,
92,Azul,3.1,3,9.3,474J,0.47,18.6,20.6,334J,13.1,1N5355B (18 V),0.17,
93,Azul,3.1,4,12.4,474J,0.47,18.3,20.3,334J,12.8,1N5358B (22 V),0.23,
94,Azul,3.1,5,15.5,474J,0.47,17.9,20.0,334J,12.6,1N5361B (27 V),0.28,
95,Azul,3.1,6,18.6,474J,0.47,17.6,19.6,334J,12.3,1N5363B (30 V),0.33,
96,Azul,3.1,7,21.7,474J,0.47,17.2,19.3,394J,14.3,1N5365B (36 V),0.37,
97,Azul,3.1,8,24.8,474J,0.47,16.9,18.9,394J,14.0,1N5366B (39 V),0.42,
98,Azul,3.1,9,27.9,474J,0.47,16.5,18.6,394J,13.7,1N5367B (43 V),0.46,
99,Azul,3.1,10,31.0,474J,0.47,16.2,18.2,394J,13.4,1N5368B (47 V),0.5,
100,Azul,3.1,12,37.2,564J,0.56,18.4,20.9,394J,12.8,1N5370B (56 V),0.69,
101,Azul,3.1,15,46.5,564J,0.56,17.2,19.6,394J,12.0,1N5373B (68 V),0.8,
102,Azul,3.1,18,55.8,564J,0.56,15.9,18.4,474J,13.4,1N5375B (82 V),0.89,
103,Azul,3.1,20,62.0,684J,0.68,18.3,21.3,474J,12.7,1N5377B (91 V),1.14,
104,Azul,3.1,25,77.5,684J,0.68,15.8,18.7,564J,13.0,1N5379B (110 V),1.23,
105,Azul,3.1,30,93.0,824J,0.82,16.0,19.6,564J,10.9,1N5381B (130 V),1.49,
106,Azul,3.1,35,108.5,105J,1.0,15.8,20.1,684J,10.8,1N5383B (150 V),1.72,
107,Blanco,3.1,1,3.1,474J,0.47,19.3,21.3,334J,13.6,1N5349B (12 V),0.06,blanco frío o cálido
108,Blanco,3.1,2,6.2,474J,0.47,19.0,21.0,334J,13.3,1N5352B (15 V),0.12,blanco frío o cálido
109,Blanco,3.1,3,9.3,474J,0.47,18.6,20.6,334J,13.1,1N5355B (18 V),0.17,blanco frío o cálido
110,Blanco,3.1,4,12.4,474J,0.47,18.3,20.3,334J,12.8,1N5358B (22 V),0.23,blanco frío o cálido
111,Blanco,3.1,5,15.5,474J,0.47,17.9,20.0,334J,12.6,1N5361B (27 V),0.28,blanco frío o cálido
112,Blanco,3.1,6,18.6,474J,0.47,17.6,19.6,334J,12.3,1N5363B (30 V),0.33,blanco frío o cálido
113,Blanco,3.1,7,21.7,474J,0.47,17.2,19.3,394J,14.3,1N5365B (36 V),0.37,blanco frío o cálido
114,Blanco,3.1,8,24.8,474J,0.47,16.9,18.9,394J,14.0,1N5366B (39 V),0.42,blanco frío o cálido
115,Blanco,3.1,9,27.9,474J,0.47,16.5,18.6,394J,13.7,1N5367B (43 V),0.46,blanco frío o cálido
116,Blanco,3.1,10,31.0,474J,0.47,16.2,18.2,394J,13.4,1N5368B (47 V),0.5,blanco frío o cálido
117,Blanco,3.1,12,37.2,564J,0.56,18.4,20.9,394J,12.8,1N5370B (56 V),0.69,blanco frío o cálido
118,Blanco,3.1,15,46.5,564J,0.56,17.2,19.6,394J,12.0,1N5373B (68 V),0.8,blanco frío o cálido
119,Blanco,3.1,18,55.8,564J,0.56,15.9,18.4,474J,13.4,1N5375B (82 V),0.89,blanco frío o cálido
120,Blanco,3.1,20,62.0,684J,0.68,18.3,21.3,474J,12.7,1N5377B (91 V),1.14,blanco frío o cálido
121,Blanco,3.1,25,77.5,684J,0.68,15.8,18.7,564J,13.0,1N5379B (110 V),1.23,blanco frío o cálido
122,Blanco,3.1,30,93.0,824J,0.82,16.0,19.6,564J,10.9,1N5381B (130 V),1.49,blanco frío o cálido
123,Blanco,3.1,35,108.5,105J,1.0,15.8,20.1,684J,10.8,1N5383B (150 V),1.72,blanco frío o cálido
124,Rosa,3.1,1,3.1,474J,0.47,19.3,21.3,334J,13.6,1N5349B (12 V),0.06,
125,Rosa,3.1,2,6.2,474J,0.47,19.0,21.0,334J,13.3,1N5352B (15 V),0.12,
126,Rosa,3.1,3,9.3,474J,0.47,18.6,20.6,334J,13.1,1N5355B (18 V),0.17,
127,Rosa,3.1,4,12.4,474J,0.47,18.3,20.3,334J,12.8,1N5358B (22 V),0.23,
128,Rosa,3.1,5,15.5,474J,0.47,17.9,20.0,334J,12.6,1N5361B (27 V),0.28,
129,Rosa,3.1,6,18.6,474J,0.47,17.6,19.6,334J,12.3,1N5363B (30 V),0.33,
130,Rosa,3.1,7,21.7,474J,0.47,17.2,19.3,394J,14.3,1N5365B (36 V),0.37,
131,Rosa,3.1,8,24.8,474J,0.47,16.9,18.9,394J,14.0,1N5366B (39 V),0.42,
132,Rosa,3.1,9,27.9,474J,0.47,16.5,18.6,394J,13.7,1N5367B (43 V),0.46,
133,Rosa,3.1,10,31.0,474J,0.47,16.2,18.2,394J,13.4,1N5368B (47 V),0.5,
134,Rosa,3.1,12,37.2,564J,0.56,18.4,20.9,394J,12.8,1N5370B (56 V),0.69,
135,Rosa,3.1,15,46.5,564J,0.56,17.2,19.6,394J,12.0,1N5373B (68 V),0.8,
136,Rosa,3.1,18,55.8,564J,0.56,15.9,18.4,474J,13.4,1N5375B (82 V),0.89,
137,Rosa,3.1,20,62.0,684J,0.68,18.3,21.3,474J,12.7,1N5377B (91 V),1.14,
138,Rosa,3.1,25,77.5,684J,0.68,15.8,18.7,564J,13.0,1N5379B (110 V),1.23,
139,Rosa,3.1,30,93.0,824J,0.82,16.0,19.6,564J,10.9,1N5381B (130 V),1.49,
140,Rosa,3.1,35,108.5,105J,1.0,15.8,20.1,684J,10.8,1N5383B (150 V),1.72,
141,Violeta / UV,3.3,1,3.3,474J,0.47,19.3,21.3,334J,13.6,1N5349B (12 V),0.06,
142,Violeta / UV,3.3,2,6.6,474J,0.47,18.9,21.0,334J,13.3,1N5352B (15 V),0.12,
143,Violeta / UV,3.3,3,9.9,474J,0.47,18.6,20.6,334J,13.0,1N5355B (18 V),0.18,
144,Violeta / UV,3.3,4,13.2,474J,0.47,18.2,20.2,334J,12.8,1N5358B (22 V),0.24,
145,Violeta / UV,3.3,5,16.5,474J,0.47,17.8,19.8,334J,12.5,1N5361B (27 V),0.29,
146,Violeta / UV,3.3,6,19.8,474J,0.47,17.4,19.5,334J,12.2,1N5365B (36 V),0.35,
147,Violeta / UV,3.3,7,23.1,474J,0.47,17.1,19.1,394J,14.2,1N5365B (36 V),0.39,
148,Violeta / UV,3.3,8,26.4,474J,0.47,16.7,18.7,394J,13.9,1N5366B (39 V),0.44,
149,Violeta / UV,3.3,9,29.7,474J,0.47,16.3,18.3,394J,13.5,1N5368B (47 V),0.48,
150,Violeta / UV,3.3,10,33.0,564J,0.56,19.0,21.4,394J,13.2,1N5369B (51 V),0.63,
151,Violeta / UV,3.3,12,39.6,564J,0.56,18.1,20.5,394J,12.6,1N5370B (56 V),0.72,
152,Violeta / UV,3.3,15,49.5,564J,0.56,16.8,19.2,394J,11.7,1N5374B (75 V),0.83,
153,Violeta / UV,3.3,18,59.4,564J,0.56,15.5,17.9,474J,13.0,1N5375B (82 V),0.92,
154,Violeta / UV,3.3,20,66.0,684J,0.68,17.7,20.6,474J,12.2,1N5377B (91 V),1.17,
155,Violeta / UV,3.3,25,82.5,684J,0.68,15.0,17.9,564J,12.4,1N5380B (120 V),1.24,
156,Violeta / UV,3.3,30,99.0,824J,0.82,14.8,18.4,684J,12.3,1N5383B (150 V),1.47,
