Comment,Designator,Footprint,LCSC Part #,Cantidad,Clase JLCPCB
330uF 50V,C1,CP_Elec_10x10.5,C2687701,1,Extended
10uF 50V,"C3,C6,C13",C_1206_3216Metric,C13585,3,Basic
100nF,"C4,C5,C14,C15",C_0603_1608Metric,C14663,4,Basic
22uF 25V,C7,C_1206_3216Metric,C12891,1,Basic
1uF 25V,"C8,C9",C_0603_1608Metric,C15849,2,Basic
4.7uF 50V,"C11,C12",C_1206_3216Metric,C29823,2,Basic
SMBJ26A,D1,D_SMB,C19077580,1,Preferred
SS34,"D2,D3,D4",D_SMA,C8678,3,Basic
SS210,D7,D_SMA,C14996,1,Basic
1N4148WS,"D8,D9",D_SOD-323,C2128,2,Basic
MMSZ5242B 12V,DZ1,D_SOD-123,C19077426,1,Preferred
MINI 20A,F1,Fuseholder_Blade_Mini_Keystone_3568,C3206956,1,Extended
3A,F2,Fuse_1206_3216Metric,C355685,1,Extended
ENTRADA 12-24V,J1,JST_VH_B4P-VH_1x04_P3.96mm_Vertical,C160317,1,Extended
+V SALIDA,J3,JST_VH_B2P-VH_1x02_P3.96mm_Vertical,C160315,1,Extended
CANALES,J4,JST_VH_B4P-VH_1x04_P3.96mm_Vertical,C160317,1,Extended
FOCO CC 1,J5,JST_XH_B2B-XH-A_1x02_P2.50mm_Vertical,C158012,1,Extended
AUX 12V,J6,JST_XH_B2B-XH-A_1x02_P2.50mm_Vertical,C158012,1,Extended
PROGRAMADOR,J7,PinSocket_2x08_P2.54mm_Vertical,C30734,1,Extended
FOCO CC 2,J8,JST_XH_B2B-XH-A_1x02_P2.50mm_Vertical,C158012,1,Extended
47uH,L1,L_Changjiang_FNR4030S,C167888,1,Extended
47uH,"L2,L3",L_Changjiang_FNR6045S,C168087,2,Extended
BSC028N06LS3,"Q1,Q2,Q3,Q4",TDSON-8-1,C534316,4,Extended
AO3400A,Q5,SOT-23,C20917,1,Basic
BSC016N06NS,QR1,TDSON-8-1,C454269,1,Extended
10k,"RAUX,RF2,RG0,RP1,RP2,RP3,RP4",R_0603_1608Metric,C25804,7,Basic
2.2k,"RC1,RC2",R_0603_1608Metric,C4190,2,Basic
150k,RF1,R_0603_1608Metric,C22807,1,Basic
4.7,"RG1,RG2,RG3,RG4",R_0603_1608Metric,C23164,4,Basic
1mR 2512 2W,RS1,R_2512_Kelvin_NetTie,C2924520,1,Extended
0R1,"RSC1,RSC2",R_1206_3216Metric,C25334,2,Basic
INA238,U1,VSSOP-10_3x3mm_P0.5mm,C2868250,1,Extended
LMR16006XDDC,U2,SOT-23-6,C87080,1,Extended
UCC27524D,"U3,U4",SOIC-8_3.9x4.9mm_P1.27mm,C465729,2,Extended
AL8860MP,"U6,U7",MSOP-8-1EP_3x3mm_P0.65mm_EP1.5x1.8mm,C500782,2,Extended
TMP1075D,U8,SOIC-8_3.9x4.9mm_P1.27mm,C2878381,1,Extended
M24C02-WMN6TP,U9,SOIC-8_3.9x4.9mm_P1.27mm,C7562,1,Preferred
