"Referencia","Valor","Huella","Cantidad","No montar","Funcion"
"C1,C3","100uF 63V","ControladorFlechas:CP_Radial_D8.0mm_P3.81mm","2","","Capacitor electrolítico de 12 V,Capacitor electrolítico de entrada (volumen)"
"C2","100nF 100V","ControladorFlechas:C_Disc_P5.08mm","1","","Desacoplo cerámico de 36 V"
"C4,C6,C7","100nF","ControladorFlechas:C_Disc_P5.08mm","3","","Desacoplo de U1 (junto al pin 8),Desacoplo de U2 (junto al pin 16),Filtro del pin CONT (5)"
"C5,C8","10uF 50V","ControladorFlechas:CP_Radial_D5.0mm_P2.54mm","2","","Capacitor de temporización,Reset de encendido (POR), tau = 1 s"
"D1","1N4007","ControladorFlechas:D_DO-41_P10.16mm","1","","Protección contra inversión de polaridad (diodo serie)"
"D2","P6KE47A","ControladorFlechas:D_DO-15_P12.70mm","1","","TVS unidireccional 40.2 V standoff, supresión de transitorios en 36 V"
"D5,D7","1N4148","ControladorFlechas:D_DO-35_P7.62mm","2","","OR de reset: POR -> RESET,OR de reset: Q3 -> RESET (3 pasos)"
"F1","RXEF025 0.25A","ControladorFlechas:PTC_Radial_P5.08mm","1","","Fusible rearmable PTC 0.25 A hold / 0.5 A trip, 72 V"
"J1","36V ENTRADA","ControladorFlechas:Clema_2P_P5.08mm","1","","Entrada de la fuente aislada de 36 VCC (pin 2 = 36V+, pin 1 = GND)"
"J2","INTERRUPTOR","ControladorFlechas:Clema_2P_P5.08mm","1","","Interruptor de encendido externo (palanca/balancín). Si no se usa, puentear con alambre"
"J3","FLECHAS","ControladorFlechas:Clema_4P_P5.08mm","1","","Salida a las 3 flechas: pin 1 = +36V (ánodo común), 2 = F1-, 3 = F2-, 4 = F3-"
"J4","CENTROS","ControladorFlechas:Clema_2P_P5.08mm","1","","Salida opcional CENTROS: pin 2 = retorno conmutado (-), pin 1 = GND de referencia. El + de las ramas se toma de J3 +36V"
"J5","FLORES","ControladorFlechas:Clema_2P_P5.08mm","1","","Salida fija opcional FLORES (pin 1 = +, pin 2 = GND), resistencias en el panel"
"J6","BAÑOS","ControladorFlechas:Clema_2P_P5.08mm","1","","Salida fija opcional BAÑOS (pin 1 = +, pin 2 = GND), resistencias en el panel"
"JP2,JP3","NO MONTAR","ControladorFlechas:Enlace_Opcional_P7.62mm","2","DNP","Habilita +36V en BAÑOS. Montar solo después de medir la serie,Habilita +36V en FLORES. Montar solo después de medir la serie"
"LED1","ROJO 3mm 36V","ControladorFlechas:LED_D3.0mm","1","","Indicador: 36 V presentes"
"LED3","ROJO 3mm F1","ControladorFlechas:LED_D3.0mm","1","","LED de prueba: flecha 1 activa"
"LED4","ROJO 3mm F2","ControladorFlechas:LED_D3.0mm","1","","LED de prueba: flecha 2 activa"
"LED5","ROJO 3mm F3","ControladorFlechas:LED_D3.0mm","1","","LED de prueba: flecha 3 activa"
"LED6","ROJO 3mm PULSO","ControladorFlechas:LED_D3.0mm","1","","Indicador del pulso del 555 / CENTROS"
"Q1,Q2,Q3,Q4","2N7000","ControladorFlechas:TO-92_2N7000","4","","MOSFET de la salida CENTROS (parpadeo con el 555). Máx. 150 mA,MOSFET interruptor de la flecha 1 (lado bajo),MOSFET interruptor de la flecha 2 (lado bajo),MOSFET interruptor de la flecha 3 (lado bajo)"
"R1","33k","ControladorFlechas:R_Vertical_P5.08mm","1","","Limitador del LED indicador de 36 V (1 mA)"
"R2,R28","1k","ControladorFlechas:R_Vertical_P5.08mm","2","","Divisor del LM317T (R1 de la fórmula),Resistencia de compuerta CENTROS"
"R3","8.2k","ControladorFlechas:R_Vertical_P5.08mm","1","","Divisor del LM317T: Vout = 1.25(1+8.2k/1k) = 11.5 V"
"R5","4.7k","ControladorFlechas:R_Vertical_P5.08mm","1","","RA del 555"
"R6","15k","ControladorFlechas:R_Vertical_P5.08mm","1","","RB fija del 555 (velocidad máxima)"
"R7,R16,R18,R20","1k","ControladorFlechas:R_Axial_P10.16mm","4","","Resistencia de compuerta flecha 1,Resistencia de compuerta flecha 2,Resistencia de compuerta flecha 3,Resistencia serie del reloj hacia el CD4017"
"R8,R13,R14,R15","10k","ControladorFlechas:R_Vertical_P5.08mm","4","","Limitador del LED de prueba F1,Limitador del LED de prueba F2,Limitador del LED de prueba F3,Limitador del LED de pulso"
"R9","100k","ControladorFlechas:R_Axial_P10.16mm","1","","CLOCK INHIBIT (pin 13) a GND a través de 100k (conteo siempre habilitado)"
"R10,R11,R17,R19,R21,R29","100k","ControladorFlechas:R_Vertical_P5.08mm","6","","Descarga del POR,Pull-down de RESET,Pull-down de compuerta CENTROS,Pull-down de compuerta flecha 1,Pull-down de compuerta flecha 2,Pull-down de compuerta flecha 3"
"R22,R23,R24,R25,R26,R27","68 1%","ControladorFlechas:R_Vertical_P5.08mm","6","","Programación de corriente flecha 1 (68+68 = 136 ohm),Programación de corriente flecha 2 (68+68 = 136 ohm),Programación de corriente flecha 3 (68+68 = 136 ohm)"
"R30","10k","ControladorFlechas:R_Axial_P10.16mm","1","","Pull-up del RESET del 555 (pin 4 a +12 V a través de 10k)"
"RV1","100k","ControladorFlechas:Trimpot_3296W","1","","Ajuste de velocidad 0.24-1.6 s por paso (reóstato)"
"SW2","REINICIO","ControladorFlechas:Boton_6mm","1","","Botón REINICIO: descarga C8 y repite el reset de encendido (vuelve a la flecha 1)"
"U1","NE555P","ControladorFlechas:DIP-8_W7.62mm","1","","Oscilador astable: define la velocidad de la secuencia"
"U2","CD4017BE","ControladorFlechas:DIP-16_W7.62mm","1","","Contador Johnson: Q0-Q2 = flechas 1-3, Q3 -> RESET (3 pasos)"
"U3","LM317T","ControladorFlechas:TO-220-3_Vertical","1","","Regulador lineal 36 V -> 11.5 V para la lógica (reemplaza al módulo LM2596)"
"U4,U5,U6","LM317LZ","ControladorFlechas:TO-92_LM317L","3","","Fuente de corriente constante 9 mA flecha 1,Fuente de corriente constante 9 mA flecha 2,Fuente de corriente constante 9 mA flecha 3"
"W1","PUENTE","ControladorFlechas:Puente_Alambre_P7.62mm","1","","Puente de alambre desnudo (red +12V), lado componentes"
