Designator,Mid X,Mid Y,Layer,Rotation
C1,55.400mm,-36.800mm,Top,90.0
C2,58.000mm,-36.800mm,Top,90.0
C3,7.800mm,-7.800mm,Top,90.0
C4,15.200mm,-11.000mm,Top,90.0
C5,4.600mm,-10.400mm,Top,180.0
C6,27.000mm,-24.600mm,Top,90.0
C7,20.000mm,-37.400mm,Top,90.0
C8,14.100mm,-42.700mm,Top,0.0
C9,26.000mm,-42.700mm,Top,0.0
C10,57.000mm,-16.400mm,Top,0.0
CF1,4.000mm,-39.400mm,Top,90.0
CF2,8.800mm,-39.400mm,Top,90.0
CF3,33.200mm,-39.400mm,Top,90.0
CF4,38.200mm,-39.400mm,Top,90.0
D1,53.600mm,-41.300mm,Top,0.0
D2,49.200mm,-36.600mm,Top,0.0
D3,15.200mm,-5.000mm,Top,90.0
D4,63.500mm,-34.800mm,Top,0.0
D5,70.500mm,-34.800mm,Top,0.0
DZ1,3.900mm,-43.400mm,Top,90.0
DZ2,8.700mm,-43.400mm,Top,90.0
DZ3,33.100mm,-43.400mm,Top,90.0
DZ4,38.100mm,-43.400mm,Top,90.0
F1,47.600mm,-41.900mm,Top,0.0
J1,47.500mm,-50.400mm,Top,0.0
J2,58.500mm,-51.000mm,Top,0.0
J4,67.200mm,-51.000mm,Top,0.0
J5,3.000mm,-51.000mm,Top,0.0
J6,11.700mm,-51.000mm,Top,0.0
J7,47.000mm,-6.000mm,Top,0.0
J8,20.400mm,-51.000mm,Top,0.0
J9,29.100mm,-51.000mm,Top,0.0
L1,11.000mm,-4.000mm,Top,0.0
OK1,3.000mm,-30.300mm,Top,-90.0
OK2,7.800mm,-30.300mm,Top,-90.0
OK3,32.200mm,-30.300mm,Top,-90.0
OK4,37.200mm,-30.300mm,Top,-90.0
Q1,63.000mm,-42.000mm,Top,0.0
Q2,69.000mm,-42.000mm,Top,0.0
RA1,1.800mm,-43.400mm,Top,90.0
RA2,6.600mm,-43.400mm,Top,90.0
RA3,31.000mm,-43.400mm,Top,90.0
RA4,36.000mm,-43.400mm,Top,90.0
RB1,5.000mm,-12.500mm,Top,0.0
RB2,9.600mm,-12.400mm,Top,0.0
RD1,2.000mm,-39.400mm,Top,90.0
RD2,6.800mm,-39.400mm,Top,90.0
RD3,31.200mm,-39.400mm,Top,90.0
RD4,36.200mm,-39.400mm,Top,90.0
RE1,2.000mm,-36.200mm,Top,90.0
RE2,6.800mm,-36.200mm,Top,90.0
RE3,31.200mm,-36.200mm,Top,90.0
RE4,36.200mm,-36.200mm,Top,90.0
RF1,4.000mm,-36.200mm,Top,90.0
RF2,8.800mm,-36.200mm,Top,90.0
RF3,33.200mm,-36.200mm,Top,90.0
RF4,38.200mm,-36.200mm,Top,90.0
RK1,63.000mm,-38.800mm,Top,0.0
RK2,69.000mm,-38.800mm,Top,0.0
RL1,3.000mm,-23.600mm,Top,90.0
RL2,7.800mm,-23.600mm,Top,90.0
RL3,32.200mm,-23.600mm,Top,90.0
RL4,37.200mm,-23.600mm,Top,90.0
U1,11.000mm,-9.000mm,Top,0.0
U2,20.000mm,-24.900mm,Top,0.0
U3,14.100mm,-38.000mm,Top,0.0
U4,26.000mm,-38.000mm,Top,0.0
U5,57.000mm,-12.000mm,Top,0.0
